Organization Name,Attention,Address Line 1,Address Line 2,Address City,Address State,Address Zip,Addressee Email (if any),addressee phone number (if any),Type of Organization,Priority,Distance from Sterling VA (miles),Date of Shipping,Status,Comments
Tractor Supply Company,Merchandising / Purchasing - Off-Road & Vehicle Recovery,5401 Virginia Way,,Brentwood,TN,37027-7536,,,Commercial Retailer / Distributor,1,554,,Not Sent,
Summit Racing Equipment,Merchandising / Purchasing - Off-Road & Vehicle Recovery,1200 Southeast Avenue,,Tallmadge,OH,44278-3161,,,Commercial Retailer / Distributor,1,257,,Not Sent,
"Quadratec, Inc.",Merchandising / Purchasing - Off-Road & Vehicle Recovery,1028 Saunders Lane,,West Chester,PA,19380-4218,,,Commercial Retailer / Distributor,1,117,,Not Sent,
Northern Tool + Equipment,Merchandising / Purchasing - Off-Road & Vehicle Recovery,2800 Southcross Drive West,,Burnsville,MN,55306-6936,,,Commercial Retailer / Distributor,1,906,,Not Sent,
"Turn5, Inc. - ExtremeTerrain / AmericanTrucks",Merchandising / Purchasing - Off-Road & Vehicle Recovery,600 N. Cedar Hollow Road,,Paoli,PA,19355-2332,,,Commercial Retailer / Distributor,1,122,,Not Sent,
Meyer Distributing,Merchandising / Purchasing - Off-Road & Vehicle Recovery,560 E. 25th Street,,Jasper,IN,47546-8117,,,Commercial Retailer / Distributor,1,516,,Not Sent,
Turn 14 Distribution,Merchandising / Purchasing - Off-Road & Vehicle Recovery,100 Tournament Drive,,Horsham,PA,19044-3602,,,Commercial Retailer / Distributor,1,145,,Not Sent,
4 Wheel Parts,Merchandising / Purchasing - Off-Road & Vehicle Recovery,400 West Artesia Boulevard,,Compton,CA,90220-5501,,,Commercial Retailer / Distributor,1,2278,,Not Sent,
Keystone Automotive Operations,Merchandising / Purchasing — Off-Road & Recovery,44 Tunkhannock Ave,,Exeter,PA,18643,,800-233-8321,Commercial Retailer / Distributor,1,181,,Not Sent,
LeMans Corporation / Parts Unlimited,Category Management / Purchasing — ATV-UTV & Recovery,3501 Kennedy Road,PO Box 5222,Janesville,WI,53547-5222,,608-758-1111,Commercial Retailer / Distributor,1,656,,Not Sent,
Western Power Sports (WPS),Category Management / Purchasing — ATV-UTV & Recovery,601 E Gowen Rd,,Boise,ID,83716-1210,,800-999-3388,Commercial Retailer / Distributor,1,2019,,Not Sent,
RealTruck,Merchandising / Category Management — Off-Road Accessories,5400 Data Court,,Ann Arbor,MI,48108,,877-875-4376,Commercial Retailer / Distributor,1,401,,Not Sent,
Rocky Mountain ATV/MC,Merchandising / Purchasing — ATV-UTV Recovery,1551 American Way,,Payson,UT,84651-4651,,800-336-5437,Commercial Retailer / Distributor,1,1818,,Not Sent,
SuperATV,Merchandising / Product Partnerships,2753 Michigan Road,,Madison,IN,47250,,855-743-3427,Recovery / Off-Road Manufacturer,1,428,,Not Sent,
OK4WD,Purchasing / Retail Merchandising,2621 State Route 57,,Stewartsville,NJ,08886-3157,sales@ok4wd.com,908-454-6973,Commercial Retailer / Distributor,1,169,,Not Sent,
Dennis Kirk,US Sales / Merchandising — ATV-UTV,955 South Frandsen Avenue,,Rush City,MN,55069,,800-969-7501,Commercial Retailer / Distributor,1,916,,Not Sent,
MotoSport LLC,Merchandising / Purchasing — ATV-UTV,15353 SW Sequoia Parkway,Suite 140,Portland,OR,97224,,503-783-5645,Commercial Retailer / Distributor,1,2325,,Not Sent,
Everything Polaris Ranger,Merchandising / Vendor Partnerships,2544 American Drive,,Appleton,WI,54914,customerservice@everythingpolarisranger.com,920-214-8135,Commercial Retailer / Distributor,1,673,,Not Sent,
High Lifter Products,Purchasing / Dealer Sales / Merchandising,7455 Atkinson Drive,,Shreveport,LA,71129,info@highlifter.com,800-699-0947,Recovery / Off-Road Manufacturer,1,1017,,Not Sent,
Side By Side Stuff,Merchandising / Purchasing — UTV Recovery,3510 Port Jacksonville Pkwy,,Jacksonville,FL,32226,,816-616-9946,Commercial Retailer / Distributor,1,645,,Not Sent,
R&W Rope,Wholesale Sales / Towing & Recovery,39 Tarkiln Place,,New Bedford,MA,2745,,508-995-1114,Rigging / Industrial Distributor,1,387,,Not Sent,
Offroad Alliance,Purchasing / Merchandising,244 Liberty Street,Unit 9A,Brockton,MA,2301,,888-466-8991,Commercial Retailer / Distributor,1,398,,Not Sent,
Main Line Overland,Retail / Purchasing / Partnerships,917 Old Fern Hill Rd,Suite 200,West Chester,PA,19380,sales@mainlineoverland.com,844-656-7626,Commercial Retailer / Distributor,1,117,,Not Sent,
Rack Attack USA,Merchandising / Purchasing — Overland,5550 E Evans Ave,,Denver,CO,80222-2285,,,Commercial Retailer / Distributor,1,1467,,Not Sent,
Poly Performance,Purchasing / Merchandising — Off-Road,860 Industrial Way,Suite 100,San Luis Obispo,CA,93401,,805-783-2060,Commercial Retailer / Distributor,1,2372,,Not Sent,
Trail-Gear,Dealer Sales / Merchandising,5356 East Pine Avenue,,Fresno,CA,93727,,877-494-8697,Recovery / Off-Road Manufacturer,1,2295,,Not Sent,
GenRight Off Road,Sales / Dealer Development / Merchandising,4535 Runway St,,Simi Valley,CA,93063,CustomerService@genright.com,805-584-8635,Recovery / Off-Road Manufacturer,1,2296,,Not Sent,
Power Trucks USA — Warrenton,Owner / General Manager / Parts & Accessories,156 Alexandria Pike,,Warrenton,VA,20186,Warrenton@powertrucksusa.com,540-349-0339,Commercial Retailer / Distributor,1,28,,Not Sent,
Dirt Nerds Motors,Owner / General Manager / Retail,45740 Woodland Rd,Suite 150,Sterling,VA,20166,Tom@DIRTNERDSOFFROAD.COM,703-468-8086,Commercial Retailer / Distributor,1,0,,Not Sent,
Equipt Expedition Outfitters,Sales / Purchasing / Partnerships,1005 Bending River Rd,Suite A,Salt Lake City,UT,84104,,866-703-1026,Commercial Retailer / Distributor,1,1819,,Not Sent,
Overland Addict,Owner / Retail Purchasing,380 E State Highway CC,B102,Nixa,MO,65714,,417-616-3019,Commercial Retailer / Distributor,1,873,,Not Sent,
Overland Gear Guy,Owner / Retail Purchasing,215 N Redwood Rd,#8,North Salt Lake,UT,84054,sales@overlandgearguy.com,801-698-9080,Commercial Retailer / Distributor,1,1819,,Not Sent,
Ride Off Grid,Owner / Retail Purchasing,21784 Fleming Ave,,Tomah,WI,54660,support@rideoffgrid.com,608-351-0240,Commercial Retailer / Distributor,1,758,,Not Sent,
JEGS High Performance,Merchandising / Purchasing - Off-Road & Recovery,101 Jegs Blvd,,Delaware,OH,43015,,800-345-4545,Commercial Retailer / Distributor,1,313,,Not Sent,
CJ Pony Parts,Merchandising / Purchasing - Bronco / Truck / Off-Road,7461 Allentown Blvd,,Harrisburg,PA,17112,,800-888-6473,Commercial Retailer / Distributor,1,92,,Not Sent,
CARiD.com,Wholesale / Merchandising - Off-Road & Recovery,1 Corporate Drive,,Cranbury,NJ,8512,info@carid.com,800-505-3274,Commercial Retailer / Distributor,1,180,,Not Sent,
Leonard Buildings & Truck Accessories,Corporate Merchandising / Truck Accessories,630 W Independence Blvd,Suite 3,Mount Airy,NC,27030,,336-789-5018,Commercial Retailer / Distributor,1,245,,Not Sent,
SDHQ Off Road,Purchasing / Merchandising - Recovery Gear,190 S McQueen Rd,Suite 109,Gilbert,AZ,85233,help@sdhqoffroad.com,480-633-2929,Commercial Retailer / Distributor,1,1944,,Not Sent,
"TrucknTow, Inc.",Merchandising / Purchasing - Towing & Recovery,14300 Schaefer Hwy,,Detroit,MI,48227,support@truckntow.com,888-918-8150,Commercial Retailer / Distributor,1,373,,Not Sent,
Lynch Truck Center,Parts / Towing Sales Management,2530 Beck Drive,,Waterford,WI,53185,,262-514-4000,Commercial Retailer / Distributor,1,620,,Not Sent,
Rural King Supply,Merchandising / Purchasing - Off-Road & Vehicle Recovery,700 Broadway Avenue East,,Mattoon,IL,61938-4671,,,Commercial Retailer / Distributor,2,587,,Not Sent,
Bass Pro Shops / Cabela's,Merchandising / Purchasing - Off-Road & Vehicle Recovery,2500 E. Kearney Street,,Springfield,MO,65898-0001,,,Commercial Retailer / Distributor,2,872,,Not Sent,
Academy Sports + Outdoors,Merchandising / Purchasing - Off-Road & Vehicle Recovery,1800 North Mason Road,,Katy,TX,77449-2826,,,Commercial Retailer / Distributor,2,1219,,Not Sent,
SCHEELS,Merchandising / Purchasing - Off-Road & Vehicle Recovery,1707 Gold Drive,,Fargo,ND,58103-6413,,,Commercial Retailer / Distributor,2,1118,,Not Sent,
"Blain's Farm & Fleet / Blain Supply, Inc.",Merchandising / Purchasing - Off-Road & Vehicle Recovery,3507 East Racine Street,,Janesville,WI,53547-0391,,,Commercial Retailer / Distributor,2,658,,Not Sent,
Murdoch's Ranch & Home Supply,Merchandising / Purchasing - Off-Road & Vehicle Recovery,2311 N. 7th Avenue,,Bozeman,MT,59715-2538,,,Commercial Retailer / Distributor,2,1759,,Not Sent,
"Atwoods Ranch & Home / Atwood Distributing, L.P.",Merchandising / Purchasing - Off-Road & Vehicle Recovery,500 South Garland,,Enid,OK,73703-1137,,,Commercial Retailer / Distributor,2,1136,,Not Sent,
Northridge4x4,Merchandising / Purchasing - Off-Road & Vehicle Recovery,7976 Rubicon Trail Place NW,,Silverdale,WA,98383-4009,,,Commercial Retailer / Distributor,2,2319,,Not Sent,
U.S. Cargo Control,Merchandising / Purchasing - Off-Road & Vehicle Recovery,202 Blue Creek Drive,,Urbana,IA,52345-9126,,,Commercial Retailer / Distributor,2,791,,Not Sent,
Zip's / AW Direct,Merchandising / Purchasing - Off-Road & Vehicle Recovery,316 W. Milwaukee Street,P.O. Box 511,New Hampton,IA,50659-1102,,,Commercial Retailer / Distributor,2,826,,Not Sent,
"Harbor Freight Tools USA, Inc.",Merchandising / Purchasing - Off-Road & Vehicle Recovery,26677 Agoura Road,,Calabasas,CA,91302-1959,,,Commercial Retailer / Distributor,2,2295,,Not Sent,
Sportsman's Warehouse,Merchandising / Purchasing - Off-Road & Vehicle Recovery,1475 West 9000 South,Suite A,West Jordan,UT,84088-9414,,,Commercial Retailer / Distributor,2,1826,,Not Sent,
"AutoZone, Inc.",Merchandising / Purchasing - Off-Road & Vehicle Recovery,123 South Front Street,,Memphis,TN,38103-3607,,,Commercial Retailer / Distributor,2,747,,Not Sent,
"O'Reilly Automotive, Inc.",Merchandising / Purchasing - Off-Road & Vehicle Recovery,233 South Patterson Avenue,,Springfield,MO,65802-2298,,,Commercial Retailer / Distributor,2,874,,Not Sent,
"Advance Auto Parts, Inc.",Merchandising / Purchasing - Off-Road & Vehicle Recovery,4200 Six Forks Road,,Raleigh,NC,27609-5716,,,Commercial Retailer / Distributor,2,229,,Not Sent,
Genuine Parts Company / NAPA,Merchandising / Purchasing - Off-Road & Vehicle Recovery,2999 Wildwood Parkway,,Atlanta,GA,30339-8580,,,Commercial Retailer / Distributor,2,529,,Not Sent,
"W.W. Grainger, Inc.",Merchandising / Purchasing - Off-Road & Vehicle Recovery,100 Grainger Parkway,,Lake Forest,IL,60045-5201,,,Commercial Retailer / Distributor,2,592,,Not Sent,
Fastenal Company,Merchandising / Purchasing - Off-Road & Vehicle Recovery,2001 Theurer Boulevard,,Winona,MN,55987-1500,,,Commercial Retailer / Distributor,2,810,,Not Sent,
C-A-L Ranch Stores,Merchandising / Purchasing - Off-Road & Vehicle Recovery,976 Curlew Drive,P.O. Box 1866,Idaho Falls,ID,83406-4706,,,Commercial Retailer / Distributor,2,1806,,Not Sent,
Coastal Farm & Ranch,Merchandising / Purchasing - Off-Road & Vehicle Recovery,1355 Goldfish Farm Road SE,,Albany,OR,97322-5154,,,Commercial Retailer / Distributor,2,2350,,Not Sent,
Chaparral Motorsports,Purchasing Department,555 South H Street,,San Bernardino,CA,92410,,800-841-2960,Commercial Retailer / Distributor,2,2220,,Not Sent,
Overland Vehicle Systems,Dealer Development / Sales / Merchandising,9830 Norwalk Blvd,Suite 130,Santa Fe Springs,CA,90670,sales@overlandvehiclesystems.com,833-226-4863,Recovery / Off-Road Manufacturer,2,2267,,Not Sent,
Metal Tech 4x4,Sales / Purchasing / Merchandising,2700 E 9th St,Suite 200,Newberg,OR,97132,info@metaltech4x4.com,503-822-1111,Recovery / Off-Road Manufacturer,2,2341,,Not Sent,
INCA4X4,Dealer / Wholesale Sales,665 E Lanier Ave,,Fayetteville,GA,30214,sales@inca4x4.com,770-765-0835,Recovery / Off-Road Manufacturer,2,548,,Not Sent,
"Bull Run 4x4, Inc.",Owner / General Manager / Parts & Accessories,9402 Center Point Ln,,Manassas,VA,20110,,703-468-1750,Commercial Retailer / Distributor,2,18,,Not Sent,
Blue Ridge Overland Gear,Sales / Dealer Partnerships,2687 Rocky Ford Rd,,Bedford,VA,24523-4686,support@blueridgeoverlandgear.com,866-855-5471,Recovery / Off-Road Manufacturer,2,162,,Not Sent,
Desert Rat Off Road Centers,Corporate Purchasing / Merchandising,4453 S Rural Rd,,Tempe,AZ,85282,,,Commercial Retailer / Distributor,2,1950,,Not Sent,
4WheelOnline,Management / Wholesale / Merchandising,5911 Benjamin Center Drive,,Tampa,FL,33634,management@4wheelonline.com,813-769-2451,Commercial Retailer / Distributor,2,817,,Not Sent,
Cali Raised LED,Dealer Sales / Wholesale,5318 David Strickland Rd,,Fort Worth,TX,76119,dealers@caliraisedled.com,817-756-8995,Recovery / Off-Road Manufacturer,2,1192,,Not Sent,
Slee Off Road,Purchasing / Sales - Recovery Gear,700 Pine Ridge Road,,Golden,CO,80403,info@sleeoffroad.com,888-494-7533,Commercial Retailer / Distributor,2,1479,,Not Sent,
Kartek Off-Road,Internet Sales / Purchasing,2871 Ragle Way,,Corona,CA,92879,,951-737-7223,Commercial Retailer / Distributor,2,2241,,Not Sent,
"Eastern Wrecker Sales, Inc.",President / Parts & Sales Management,13401 Clayton Blvd,,Clayton,NC,27520,wprice@easternwrecker.com,919-553-4038,Commercial Retailer / Distributor,2,239,,Not Sent,
"Purpose Wrecker, LLC",Sales / Parts Management,1732 Prospect Road,,Wentzville,MO,63385,purposesales@purposewrecker.com,636-639-9700,Commercial Retailer / Distributor,2,721,,Not Sent,
Capitol Fleet Service - All Roads Trucks,Parts / Towing Equipment Sales,8319 Ardwick Ardmore Road,,Landover,MD,20785,,310-322-9000,Commercial Retailer / Distributor,2,29,,Not Sent,
"East Penn Truck Equipment, Inc.",Parts / Towing Equipment Sales,1100 Win Drive,,Bethlehem,PA,18017,,610-694-9234,Commercial Retailer / Distributor,2,156,,Not Sent,
Bressler's Inc,Parts / Towing Equipment Sales,2563 Valley View Road,,Morgantown,PA,19543,,610-286-6013,Commercial Retailer / Distributor,2,114,,Not Sent,
American Wrecker Sales,Parts / Towing Equipment Sales,2250 Baxter Street,,Cayce,SC,29033,,800-233-1881,Commercial Retailer / Distributor,2,403,,Not Sent,
"Auto Equipment, Inc.",Parts / Towing Equipment Sales,2846 Salisbury Hwy US 70 E,,Statesville,NC,28687,,704-872-4116,Commercial Retailer / Distributor,2,293,,Not Sent,
Elizabeth Truck Center Inc.,Parts / Towing Equipment Sales,878 North Avenue,,Elizabeth,NJ,7201,,908-355-8800,Commercial Retailer / Distributor,2,206,,Not Sent,
Golden West Towing Equipment LP,Parts / Towing Equipment Sales,1850 E Orangethorpe Avenue,,Fullerton,CA,92831-5324,,714-779-6000,Commercial Retailer / Distributor,2,2260,,Not Sent,
"WARN Industries, Inc.",VP Marketing & Product Management / Aftermarket Sales,12900 SE Capps Road,,Clackamas,OR,97015-8903,,,Recovery / Off-Road Manufacturer,3,2320,,Not Sent,
Factor 55,Marketing / Product Training / Partnerships,107 E. 46th Street,Unit 108,Boise,ID,83714-5037,,,Recovery / Off-Road Manufacturer,3,2023,,Not Sent,
Yankum Ropes,Marketing / Product Training / Partnerships,915 Overland Avenue,Suite B,Burley,ID,83318-1335,,,Recovery / Off-Road Manufacturer,3,1907,,Not Sent,
Bubba Rope,Marketing / Product Training / Partnerships,998 Explorer Cove,Suite 130,Altamonte Springs,FL,32701-7500,,,Recovery / Off-Road Manufacturer,3,750,,Not Sent,
COMEUP USA Inc.,Marketing / Product Training / Partnerships,12930 SE Highway 212,,Clackamas,OR,97015-9004,,,Recovery / Off-Road Manufacturer,3,2320,,Not Sent,
Mile Marker Industries,Marketing / Product Training / Partnerships,2121 Blount Road,,Pompano Beach,FL,33069-5112,,,Recovery / Off-Road Manufacturer,3,897,,Not Sent,
Westin Automotive / Superwinch,Marketing / Product Training / Partnerships,320 W. Covina Boulevard,,San Dimas,CA,91773-2907,,,Recovery / Off-Road Manufacturer,3,2250,,Not Sent,
ARB USA / Air Locker,Marketing / Product Training / Partnerships,4810 D Street NW,Suite 103,Auburn,WA,98001-2466,,,Recovery / Off-Road Manufacturer,3,2299,,Not Sent,
MAXTRAX USA,Marketing / Product Training / Partnerships,19822 E. 22nd Avenue,Unit B,Aurora,CO,80011-3538,,,Recovery / Off-Road Manufacturer,3,1458,,Not Sent,
Ironman 4x4 USA,Marketing / Product Training / Partnerships,13921 SW Industry Lane,Suite 115,Sherwood,OR,97140-9754,,,Recovery / Off-Road Manufacturer,3,2337,,Not Sent,
Hi-Lift Jack Company,Marketing / Product Training / Partnerships,46 W. Spring Street,,Bloomfield,IN,47424-1473,,,Recovery / Off-Road Manufacturer,3,506,,Not Sent,
Rough Country,Marketing / Product Training / Partnerships,2450 Huish Road,,Dyersburg,TN,38024-1725,,,Recovery / Off-Road Manufacturer,3,691,,Not Sent,
GearAmerica,Marketing / Product Training / Partnerships,545 2nd Street,Unit 435,Excelsior,MN,55331-0435,,,Recovery / Off-Road Manufacturer,3,926,,Not Sent,
Rhino USA,Marketing / Product Training / Partnerships,6907 N. Capital of Texas Highway,Suite 210,Austin,TX,78731-1755,,,Recovery / Off-Road Manufacturer,3,1299,,Not Sent,
Ramsey Winch / Ramsey Industries,Marketing / Product Training / Partnerships,4707 North Mingo Road,,Tulsa,OK,74117-5927,,,Recovery / Off-Road Manufacturer,3,1028,,Not Sent,
TeraFlex,Marketing / Product Training / Partnerships,5680 West Dannon Way,,West Jordan,UT,84081-5676,,,Recovery / Off-Road Manufacturer,3,1830,,Not Sent,
MetalCloak,Marketing / Product Training / Partnerships,2484 Mercantile Drive,,Rancho Cordova,CA,95742-6216,,,Recovery / Off-Road Manufacturer,3,2336,,Not Sent,
ICON Vehicle Dynamics,Marketing / Product Training / Partnerships,7929 Lincoln Avenue,,Riverside,CA,92504-4420,,,Recovery / Off-Road Manufacturer,3,2233,,Not Sent,
MORRFlate,Dealer / Reseller Partnerships,1065 National Dr,Suite 5,Sacramento,CA,95834,questions@morrflate.com,916-696-7738,Recovery / Off-Road Manufacturer,3,2349,,Not Sent,
Safe-Xtract LLC,Training / Dealer Partnerships,63 Bridal Falls Lane,,Tularosa,NM,88352,chris@safe-xtract.com,440-823-8532,Training / Recovery Equipment,3,1642,,Not Sent,
East Coast Gear Supply,Sales / Purchasing - Recovery & Drivetrain,566 Airport Rd,,Louisburg,NC,27549,,919-672-2705,Commercial Retailer / Distributor,3,206,,Not Sent,
DV8 Offroad,Sales / Dealer Development,555 E Queen Creek Rd,#A,Chandler,AZ,85286,sales@dv8offroad.com,855-680-9595,Recovery / Off-Road Manufacturer,3,1948,,Not Sent,
Motobilt,Sales / Dealer Development,323 Van Heusen Dr,,Ozark,AL,36360,info@motobilt.com,334-219-2333,Recovery / Off-Road Manufacturer,3,697,,Not Sent,
Rusty's Off-Road Products,Dealer Program / Sales,7161 Steele Station Road,,Rainbow City,AL,35906,info@rustysoffroad.com,256-442-0607,Recovery / Off-Road Manufacturer,3,592,,Not Sent,
Clayton Off Road,Dealer Program / Customer Service,5 Industrial Circle,,Hamden,CT,6517,customerservice@claytonoffroad.com,203-691-8593,Recovery / Off-Road Manufacturer,3,291,,Not Sent,
CBI Offroad Fab,Dealer Program / Sales,792 E Iona Rd,,Idaho Falls,ID,83401,,866-522-0697,Recovery / Off-Road Manufacturer,3,1811,,Not Sent,
Victory 4x4,Sales / Partnerships,7386 Elm Valley Dr,,Kalamazoo,MI,49009,,269-353-1184,Recovery / Off-Road Manufacturer,3,484,,Not Sent,
RCI Offroad,Sales / Dealer Development,6701 N Franklin Ave,,Loveland,CO,80538,Sales@Rcioffroad.com,970-797-3089,Recovery / Off-Road Manufacturer,3,1467,,Not Sent,
Expedition One,Sales / Dealer Network,113 N 700 W,Building 5C Bay 1,Ogden,UT,84404,info@expeditionone.biz,877-366-3099,Recovery / Off-Road Manufacturer,3,1820,,Not Sent,
Barnes 4WD,Sales / Dealer Program,4 Brandy Branch Rd,,Mills River,NC,28759,sales@barnes4wd.com,828-551-7616,Recovery / Off-Road Manufacturer,3,377,,Not Sent,
Blackburn Truck Equipment,Parts / Towing Equipment Sales,293 Luxomni Road,,Lilburn,GA,30047,,770-921-6070,Commercial Retailer / Distributor,3,514,,Not Sent,
Dattco / New England Truck Master,Parts / Towing Equipment Sales,131 Tuttle Road,,Middletown,CT,6457,,860-635-8234,Commercial Retailer / Distributor,3,308,,Not Sent,
Fleet Sales West,Parts / Towing Equipment Sales,2175 N Pacific Hwy,,Woodburn,OR,97071,,503-982-5095,Commercial Retailer / Distributor,3,2336,,Not Sent,
"House of Wreckers, Inc.",Parts / Towing Equipment Sales,161 Industrial Road,,San Carlos,CA,94070,,800-594-0005,Commercial Retailer / Distributor,3,2410,,Not Sent,
"Jeff Ingram Wrecker Sales, Inc.",Parts / Towing Equipment Sales,343 Arena Road,,Cabot,AR,72023,,866-280-6761,Commercial Retailer / Distributor,3,851,,Not Sent,
"Northeast Wrecker Sales, Inc.",Parts / Towing Equipment Sales,9 Apollo Drive,,Albany,NY,12205,,518-573-3663,Commercial Retailer / Distributor,3,317,,Not Sent,
"Patriot Sales & Service, Inc.",Parts / Towing Equipment Sales,153 Washington Street,,Plainville,MA,2762,,508-643-9201,Commercial Retailer / Distributor,3,381,,Not Sent,
"Peak Wrecker, LLC",Parts / Towing Equipment Sales,1605 Ackerman Road,,San Antonio,TX,78219,,210-661-4592,Commercial Retailer / Distributor,3,1369,,Not Sent,
"Reed & Hoppes, Inc.",Parts / Towing Equipment Sales,2661 East Grand River,,Portland,MI,48875,,517-647-4441,Commercial Retailer / Distributor,3,472,,Not Sent,
Samson Rope Technologies,Marketing / Product Training / Partnerships,2090 Thornton Street,,Ferndale,WA,98248-9314,,,Rope / Rigging Manufacturer,4,2313,,Not Sent,
Yale Cordage,Marketing / Product Training / Partnerships,77 Industrial Park Road,,Saco,ME,04072-1804,,,Rope / Rigging Manufacturer,4,477,,Not Sent,
B/A Products Co.,Marketing / Product Training / Partnerships,8925 McGaw Court,,Columbia,MD,21045-4725,,,Towing / Recovery Manufacturer,4,33,,Not Sent,
The Crosby Group,Marketing / Product Training / Partnerships,2801 Dawson Road,,Tulsa,OK,74110-5040,,,Rigging Manufacturer,4,1033,,Not Sent,
"Miller Industries, Inc.",Marketing / Product Training / Partnerships,8503 Hilltop Drive,,Ooltewah,TN,37363-6841,,,Towing / Recovery Manufacturer,4,501,,Not Sent,
Jerr-Dan Corporation,Marketing / Product Training / Partnerships,13224 Fountain Head Plaza,,Hagerstown,MD,21742-2678,,,Towing / Recovery Manufacturer,4,47,,Not Sent,
Ditch Witch / Charles Machine Works,Marketing / Product Training / Partnerships,1959 Fir Street,,Perry,OK,73077-5803,,,Equipment Manufacturer,4,1102,,Not Sent,
Westech Rigging Supply / Bishop Lifting,Marketing / Product Training / Partnerships,4140 West 11th Avenue,,Eugene,OR,97402-5401,,,Rigging / Industrial Distributor,4,2366,,Not Sent,
Deere & Company / John Deere,Accessories / Training / Partnerships,One John Deere Place,,Moline,IL,61265-8010,,,Vehicle / Equipment Manufacturer,4,710,,Not Sent,
AGCO Corporation,Accessories / Training / Partnerships,4205 River Green Parkway,,Duluth,GA,30096-2563,,,Vehicle / Equipment Manufacturer,4,511,,Not Sent,
CNH Industrial America LLC - Case IH / New Holland,Accessories / Training / Partnerships,711 Jorie Boulevard,,Oak Brook,IL,60523-4425,,,Vehicle / Equipment Manufacturer,4,588,,Not Sent,
Polaris Inc.,Accessories / Training / Partnerships,2100 Highway 55,,Medina,MN,55340-9770,,,Vehicle / Equipment Manufacturer,4,928,,Not Sent,
Kubota Tractor Corporation,Accessories / Training / Partnerships,1000 Kubota Drive,,Grapevine,TX,76051-2334,,,Vehicle / Equipment Manufacturer,4,1174,,Not Sent,
Caterpillar Inc.,Accessories / Training / Partnerships,5205 N. O'Connor Boulevard,Suite 100,Irving,TX,75039-3781,,,Vehicle / Equipment Manufacturer,4,1170,,Not Sent,
Toyota Motor North America,Accessories / Training / Partnerships,6565 Headquarters Drive,,Plano,TX,75024-5965,,,Vehicle Manufacturer,4,1157,,Not Sent,
Ford Motor Company,Accessories / Training / Partnerships,One American Road,,Dearborn,MI,48126-2701,,,Vehicle Manufacturer,4,380,,Not Sent,
Loudoun County Fire & Rescue Training Academy,Technical Rescue / Training,16600 Courage Court,,Leesburg,VA,20175,,,Fire/Rescue Training,4,,,Not Sent,
Loudoun County Combined Fire & Rescue System — Fire & Rescue Training Academy,Training Division / Technical Rescue,16600 Courage Court,,Leesburg,VA,20175,,,Training Academy,4,,,Not Sent,
Fairfax County Fire & Rescue Academy,Academy Training Staff / Technical Rescue,4600 West Ox Road,,Fairfax,VA,22030,,,Training Academy,4,,,Not Sent,
Montgomery County Public Safety Training Academy — MCFRS,Fire & Rescue Training,8751 Snouffer School Road,,Gaithersburg,MD,20879,,,Training Academy,4,,,Not Sent,
Arlington County Fire Department — Fire Training Academy,Fire Training Academy / Technical Rescue,2800 S Taylor Street,,Arlington,VA,22206,,,Training Academy,4,,,Not Sent,
Loudoun County Recruit School — Heavy Technical Rescue Curriculum,Recruit School Lead / HTR Instructors,16600 Courage Court,,Leesburg,VA,20175,,,Training Academy,4,,,Not Sent,
"Frederick County, Maryland Public Safety Training Facility",Fire & Rescue Training,5370 Public Safety Place,,Frederick,MD,21704,,,Training Academy,4,,,Not Sent,
Prince William County Fire & Rescue — Advanced Training / Technical Rescue,Advanced Training / Technical Rescue,13101 Public Safety Drive,,Nokesville,VA,20181,,,Technical Rescue,4,,,Not Sent,
Fauquier County Fire Rescue System — Training Division / Training Center,Training & Logistics,210 Hospital Drive,,Warrenton,VA,20186,,,Training Academy,4,,,Not Sent,
Fairfax County EMS Training Facility,EMS/Fire Training Staff,4600 West Ox Road,,Fairfax,VA,22030,,,Training Academy,4,,,Not Sent,
Alexandria Fire Department,Training / Recruit Academy,900 Second Street,,Alexandria,VA,22314,,,Training Academy,4,,,Not Sent,
Prince William County Public Safety Training Center,Fire & Rescue Training / Technical Rescue,13101 Public Safety Drive,,Nokesville,VA,20181,,,Training Academy,4,,,Not Sent,
Washington County Public Safety Training Center,Fire/Rescue Training,18350 Public Safety Place,,Hagerstown,MD,21740,,,Training Academy,4,,,Not Sent,
Stafford County Fire & Rescue — Training & Occupational Safety Division,Training & Occupational Safety,1225 Courthouse Road,,Stafford,VA,22554,,,Training Academy,4,,,Not Sent,
Shenandoah County Department of Fire & Rescue — Training Division,Training Division,600 North Main Street,Suite 102,Woodstock,VA,22664,,,Training Academy,4,,,Not Sent,
"Spotsylvania County Fire, Rescue & Emergency Management — Training",Fire/Rescue Training,9104 Courthouse Road,,Spotsylvania,VA,22553,,,Training Academy,4,,,Not Sent,
AFN 4x4 USA,Dealer Development / Sales,509 N Smith Ave,Unit 101,Corona,CA,92878,Engage@aacbrands.com,951-339-1460,Recovery / Off-Road Manufacturer,4,2241,,Not Sent,
Overland Experts,Training Director / Partnerships,112 Hemlock Valley Rd,,East Haddam,CT,6423,,540-406-1608,Training Academy,4,312,,Not Sent,
American Towing & Recovery Institute,Training Director / Education Partnerships,7870 Mexico Road,,Saint Peters,MO,63376,info@amtowsignup.org,636-800-2874,Training Academy,4,709,,Not Sent,
Towing & Recovery Association of America (TRAA),Education / Membership / Partnerships,700 12th St NW,Suite 700,Washington,DC,20005-4052,contact@traaonline.com,888-392-9300,Industry Association,4,22,,Not Sent,
Overland Expo / Emerald X,Sales / Partnerships / Exhibitor Relations,31910 Del Obispo St,Suite 200,San Juan Capistrano,CA,92675,,,Event / Industry Marketplace,4,2255,,Not Sent,
Barlow Adventures,Training / Retail Partnerships,3009 W State Route 89A,,Sedona,AZ,86336,,928-282-8700,Training Academy,4,1906,,Not Sent,
Northeast Off-Road Adventures (NORA),Training Director / Retail Partnerships,23 Tempaloni Rd,,Ellenville,NY,12428,info@nora4x4.com,845-514-9895,Training Academy,4,246,,Not Sent,
Fairfax County Fire & Rescue Academy,Technical Rescue Training,4600 West Ox Road,,Fairfax,VA,22030,,,Fire/Rescue Training,5,,,Not Sent,
Maryland Fire and Rescue Institute — Headquarters,Fire/Rescue Training Programs,4500 Campus Drive,,College Park,MD,20740,,,State/Regional Fire-Rescue Training,5,,,Not Sent,
Virginia Department of Fire Programs — Learning & Development,Learning & Development / Technical Rescue Training,1005 Technology Park Drive,,Glen Allen,VA,23059,,,State/Regional Fire-Rescue Training,5,,,Not Sent,
Maryland Fire and Rescue Institute — Special Programs Office,Special Programs,4500 Campus Drive,,College Park,MD,20740,,,State/Regional Fire-Rescue Training,5,,,Not Sent,
Maryland Fire and Rescue Institute — State Programs,State Programs,4500 Campus Drive,,College Park,MD,20740,,,State/Regional Fire-Rescue Training,5,,,Not Sent,
Maryland Fire and Rescue Institute — Western Maryland Regional Training Center,Regional Training Coordinator,P.O. Box 5153,,Cresaptown,MD,21502-5153,,,State/Regional Fire-Rescue Training,5,,,Not Sent,
West Virginia State Fire Academy / WVU Fire Service Extension,Fire Service Extension / Academy Training,2600 Old Mill Road,,Weston,WV,26452,,,State/Regional Fire-Rescue Training,5,,,Not Sent,
Maryland Fire and Rescue Institute — North Central Regional Training Center,Regional Training Coordinator,P.O. Box 196,,Mount Airy,MD,21771-0196,,,State/Regional Fire-Rescue Training,5,,,Not Sent,
Maryland Fire and Rescue Institute — Southern Maryland Regional Training Center,Regional Training Coordinator,10375 Audie Lane,,La Plata,MD,20646,,,State/Regional Fire-Rescue Training,5,,,Not Sent,
Maryland Fire and Rescue Institute — North East Regional Training Center,Regional Training Coordinator,P.O. Box 789,,Edgewood,MD,21040,,,State/Regional Fire-Rescue Training,5,,,Not Sent,
Pennsylvania Off Highway Vehicle Association (PaOHV),,620 West Third Street,,Bloomsburg,PA,17815,paohvassn@gmail.com,(717) 889-0296,Club,5,148,,Not Sent,
Heritage Region Jeep Alliance (HRJA),,PO Box 1766,,Cranberry Township,PA,16066,,,Club,5,184,,Not Sent,
Fauquier County Fire Rescue — Special Operations Committee,Special Operations,210 Hospital Drive,,Warrenton,VA,20186,,,Technical Rescue,5,,,Not Sent,
James Rumsey Technical Institute — Firefighting Program,Firefighting / Emergency Services Instructor,3274 Hedgesville Road,,Martinsburg,WV,25403,,,Firefighter Training Program,5,,,Not Sent,
Prince William Public Safety Training Center,Driver/Technical Rescue Training,13101 Public Safety Drive,,Nokesville,VA,20181,,,Public Safety Training,5,,,Not Sent,
Maryland Public Safety Education & Training Center,Law Enforcement Training,6852 Fourth Street,,Sykesville,MD,21784,,,Public Safety Training,5,,,Not Sent,
Maryland Police Driver Training Facility,EVOC / Driver Training Instructors,7310 Slacks Road,,Sykesville,MD,21784,,,Law Enforcement Training,5,,,Not Sent,
197th Regiment Regional Training Institute,Engineer Training / Instructor Staff,1001 Army Road,,Kingwood,WV,26554,,,Military Training,5,,,Not Sent,
U.S. Army Ordnance Corps & School,Vehicle Recovery / Ordnance Training,2221 Adams Avenue,,Fort Lee,VA,23801,,,Military Training,5,,,Not Sent,
"F Company, 832d Ordnance Battalion",H8 Wheeled Vehicle Recovery Instructors,500 Brigade Loop,,Fort Lee,VA,23801,,,Military Training,5,,,Not Sent,
"Regional Training Site–Maintenance, Fort Indiantown Gap",ASI H8 Wheeled Recovery Instructors,"Bldg. 3-201, Coulter Road",,Fort Indiantown Gap,PA,17003,,,Military Training,5,,,Not Sent,
"Regional Training Site–Maintenance, Fort Dix",ASI H8 Wheeled Recovery Instructors,"Bldg. 3601, Technology Drive",,Fort Dix,NJ,08640-0525,,,Military Training,5,,,Not Sent,
Arlington County Fire Department — Technical & Water Rescue Support Services,Technical / Water Rescue,2800 S Taylor Street,,Arlington,VA,22206,,,Technical Rescue,5,,,Not Sent,
Warren County Department of Fire & Rescue Services,Training & Education,220 North Commerce Avenue,,Front Royal,VA,22630,,,Training Academy,5,,,Not Sent,
"Frederick County, Virginia Fire & Rescue Department",Fire & Rescue Training,1080 Coverstone Drive,,Winchester,VA,22602,,,Fire & Rescue Department,5,,,Not Sent,
District of Columbia Fire and EMS Department,Training / Special Operations,899 North Capitol Street NE,Suite 3100,Washington,DC,20002,,,Fire & EMS Department,5,,,Not Sent,
Ashburn Volunteer Fire & Rescue Department,Chief / Training Officer,20688 Ashburn Road,,Ashburn,VA,20147,,,Volunteer Fire & Rescue,5,,,Not Sent,
Morgan County Rescue Service,Chief / Training Officer,1258 Valley Road,,Berkeley Springs,WV,25411-4800,,,Rescue Service,5,,,Not Sent,
Berkeley County Fire Department,Fire Chief / Training & Special Response,400 West Stephen Street,Suite 213,Martinsburg,WV,25401,,,Fire & Rescue Department,5,,,Not Sent,
Loudoun County Combined Fire & Rescue System — Headquarters,Operations / Special Operations,801 Sycolin Road,Suite 200,Leesburg,VA,20175,,,Fire & Rescue Headquarters,5,,,Not Sent,
Leesburg Volunteer Fire Company,Chief / Training Officer,61 Plaza Street NE,,Leesburg,VA,20176-3206,,,Volunteer Fire & Rescue,5,,,Not Sent,
South Berkeley Volunteer Fire Company,Chief / Training Officer,7556 Winchester Avenue,,Inwood,WV,25428,,,Volunteer Fire & Rescue,5,,,Not Sent,
"Shepherdstown Fire Department, Inc.",Chief / Training Officer,8052 Martinsburg Pike,,Shepherdstown,WV,25443,,,Volunteer Fire & Rescue,5,,,Not Sent,
Orange Volunteer Fire Company,Chief / Training Officer,P.O. Box 367,,Orange,VA,22960,,,Volunteer Fire & Rescue,5,,,Not Sent,
East Rivanna Volunteer Fire Company,Chief / Training Officer,3501 Steamer Drive,,Keswick,VA,22947,,,Volunteer Fire & Rescue,5,,,Not Sent,
Independent Fire Company — Ranson,Chief / Training Officer,200 W 2nd Avenue,,Ranson,WV,25438,,,Volunteer Fire & Rescue,5,,,Not Sent,
Lucketts Volunteer Fire Company,Chief / Training Officer,42429 Lucketts Road,,Leesburg,VA,20176,,,Volunteer Fire & Rescue,5,,,Not Sent,
West Virginia Office of the State Fire Marshal,Fire Department Services / Training Liaison,1600 Pennsylvania Avenue,,Charleston,WV,25302,,,State Fire Service,5,,,Not Sent,
Berkeley Springs Volunteer Fire Company,Chief / Training Officer,34 North Mercer Street,,Berkeley Springs,WV,25411-1587,,,Volunteer Fire & Rescue,5,,,Not Sent,
New Jersey Beach Buggy Association (NJBBA),,PO Box 511,,Seaside Park,NJ,08752-0511,,,Club,6,190,,Not Sent,
North Carolina Beach Buggy Association (NCBBA),"Bill King, President",PO Box 189,,Nags Head,NC,27959-0189,,,Club,6,273,,Not Sent,
KYTLCA (Kentucky Toyota Land Cruiser Association),Luke Bogner,11020 Pelphry Lane,,Walton,KY,41094,Lukefj80@yahoo.com,859-760-1942,Club,6,387,,Not Sent,
Southeast Toyota Landcruiser Association,Andy Ridge,3285 Griffith Way,,Jasper,TN,37347,info@stlca.org,(423) 605-7831,Club,6,527,,Not Sent,
Trails Preservation Alliance (TPA),,PO Box 38093,,Colorado Springs,CO,80937,,,Club,6,1467,,Not Sent,
Colorado Off-Highway Vehicle Coalition (COHVCO),,PO Box 741353,,Arvada,CO,80006,info@cohvco.org,,Club,6,1472,,Not Sent,
Montana Trail Vehicle Riders Association (MTVRA),"Russ Ehnes, President",PO Box 2884,,Great Falls,MT,59403,406ohv@gmail.com,,Club,6,1785,,Not Sent,
Great Falls Trail Bike Riders Association,,PO Box 602,,Great Falls,MT,59403,,,Club,6,1785,,Not Sent,
Utah 4-Wheel Drive Association,,PO Box 65745,,Salt Lake City,UT,84165,,(801) 201-6778,Club,6,1820,,Not Sent,
Utah ATV Association Inc.,,PO Box 85,,West Jordan,UT,84084-0085,,,Club,6,1825,,Not Sent,
Pocatello Trail Machine Association Inc.,Jess Burry,PO Box 4459,,Pocatello,ID,83205,,,Club,6,1833,,Not Sent,
Snake River Trail Machine Riders Association Inc.,Fred Spence,PO Box 138,,Heyburn,ID,83336,,,Club,6,1902,,Not Sent,
Western Montana Trail Riders Association,,PO Box 17632,,Missoula,MT,59801,,,Club,6,1910,,Not Sent,
Ravalli County Off-Road Users Association,,PO Box 72,,Hamilton,MT,59840,,,Club,6,1915,,Not Sent,
Custer Trail Riders Association,Jim Sugen,PO Box 633,,Challis,ID,83226,,,Club,6,1916,,Not Sent,
Back Country ATV/UTV Association,Joe Saffeels,PO Box 595,,Hayden,ID,83835,,,Club,6,2042,,Not Sent,
North Idaho ATV Association Inc.,Frank Axtell,PO Box 1781,,Hayden,ID,83835,,,Club,6,2042,,Not Sent,
Nevada Offroad Association (NVORA),,PO Box 1111,,Carson City,NV,89702,info@nevadaoffroad.us,775-430-0000,Club,6,2249,,Not Sent,
Pine Nut Mountains Trail Association,George Swetland,PO Box 3012,,Gardnerville,NV,89410-3012,,,Club,6,2252,,Not Sent,
Washington Off-Highway Vehicle Alliance,,22829 103rd Ave SE,,Kent,WA,98031,,,Club,6,2294,,Not Sent,
Washington ATV Association,,PO Box 6060,,Kent,WA,98064,,253-862-5338,Club,6,2294,,Not Sent,
California Off-Road Vehicle Association (CORVA),,1500 W El Camino Ave,#352,Sacramento,CA,95833,,(909) 214-3960,Club,6,2349,,Not Sent,
Capital Off Road Enthusiasts Inc. Four Wheel Drive Club,Jeff Miller,22 Newport Ct,,Sterling,VA,20164-1226,,,Club,6,0,,Not Sent,
Broad Run Off Road Corporation,,6917 Noyes Ave,,Haymarket,VA,20169,,(703) 774-6944,Club,6,17,,Not Sent,
Off-Camber Crawlers Incorporated Four Wheel Drive Club,,PO Box 23,,Haymarket,VA,20168-0023,,,Club,6,17,,Not Sent,
Baltimore 4 Wheelers Inc.,,3503 Glen Arm Avenue,,Baltimore,MD,21206,b4wclub@baltimore4wheelers.com,(410) 668-3430,Club,6,47,,Not Sent,
4 Wheel To Heal,,65 Farragut Rd,,Annapolis,MD,21403,,(202) 549-6772,Club,6,50,,Not Sent,
Capital City Four Wheel Drive Club,President,PO Box 341,,Rockville,VA,23146,President@capitalcityfourwheelersva.com,,Club,6,89,,Not Sent,
Bay to Blue Ridge Cruisers,Rob Matzell,5312 W Broad St,,Richmond,VA,23230,rmatzell@aol.com,,Club,6,100,,Not Sent,
Delaware Mobile Surf-Fishermen (DMS),"Debbie Wiechardt, Membership Secretary",PO Box 105,,Harbeson,DE,19951,membership@dmsclub.org,,Club,6,121,,Not Sent,
Westmoreland County Four-Wheel Drive Club,Thomas Joseph,4097 Gun Club Rd,,Murrysville,PA,15668-9730,,,Club,6,156,,Not Sent,
Central North Carolina 4x4 Club,,PO Box 91452,,Raleigh,NC,27675,,,Club,6,233,,Not Sent,
Maryland DNR — Green Ridge Fire Center,Forest Operations / Emergency Response,28700 Headquarters Drive NE,,Flintstone,MD,21530,,,Forest/Emergency Response,6,,,Not Sent,
Virginia Office of Emergency Medical Services,Education / Training Programs,109 Governor Street,Mezzanine Floor,Richmond,VA,23219,,,State/Regional Emergency Services,6,,,Not Sent,
Berkeley County Fire Service Board,Fire Service Board / Training Coordination,400 West Stephen Street,Suite 207,Martinsburg,WV,25401,,,Fire Service Board,6,,,Not Sent,
Hampshire County Homeland Security & Emergency Management / Emergency Services Agency,Emergency Services / Training,1160 Jersey Mountain Road,,Romney,WV,26757,,,Emergency Services Agency,6,,,Not Sent,
Warrenton Volunteer Fire Company,Chief / Training Officer,167 West Shirley Avenue,,Warrenton,VA,20186,,,Volunteer Fire & Rescue,6,,,Not Sent,
Stafford Volunteer Fire Department,Chief / Training Officer,P.O. Box 127,,Stafford,VA,22555,,,Volunteer Fire & Rescue,6,,,Not Sent,
South Morgan Volunteer Fire Company,Chief / Training Officer,10166 Winchester Grade Road,,Berkeley Springs,WV,25411,,,Volunteer Fire & Rescue,6,,,Not Sent,
Off-Road Business Association (ORBA),,1001 G Street NW,Ste 460W,Washington,DC,20001,,(202) 783-6007,Club,7,23,,Not Sent,
Hudson Valley 4 Wheelers,John J. Doerr,PO Box 2555,,Poughkeepsie,NY,12603-8555,,,Club,7,262,,Not Sent,
Off-Road Outreach,,406 Cape Fear Ave,,Fayetteville,NC,28303,,(910) 644-4782,Club,7,284,,Not Sent,
Appalachia Cruisers,John Patty,7104 Stone Mill Dr,,Knoxville,TN,37919,JP3inc@gmail.com,,Club,7,413,,Not Sent,
Thumb Area Mud Runners Four Wheel Drive Club,,PO Box 173,,Vassar,MI,48768-0173,,,Club,7,439,,Not Sent,
Off-Road Motorsports Hall of Fame (ORMHOF),,18124 Wedge Pkwy,#2036,Reno,NV,89511,,775-686-6770,Club,7,2246,,Not Sent,
King County 4x4 Search and Rescue,,PO Box 50785,,Bellevue,WA,98015,info@kc4x4sar.org,,Club,7,2294,,Not Sent,
4 Wheels To Freedom 4 Wheel Drive Club of Central Indiana Inc.,,7444 W 100 S,,Shelbyville,IN,46176,,,Club,7,448,,Not Sent,
Jeep Masters of Augusta,,4115 Columbia Road,Suite 5 #337,Martinez,GA,30907,,,Club,7,459,,Not Sent,
Two Trackers Four Wheel Drive Club,David Smith,1390 Old Oak Hill Dr,,Ada,MI,49301-9408,,,Club,7,501,,Not Sent,
Michigan City Jeep Club Inc.,James T. LaRocco,8829 Welnetz Rd,,Michigan City,IN,46360-7245,,,Club,7,530,,Not Sent,
Ocala Jeep Club of Florida,,PO Box 5781,,Ocala,FL,34478,,(352) 245-1214,Club,7,728,,Not Sent,
Lakeview Off Road Riders,,1165 Club Rd NE,,Cedar Rapids,IA,52404,,(319) 361-1982,Club,7,774,,Not Sent,
Off-Road United Incorporated,"Christine Johnson, President/CEO",12241 Southbridge Ter,,Hudson,FL,34669,,(813) 600-3268,Club,7,794,,Not Sent,
Lakeland Jeep Club Inc.,Michael Margotta,6604 Stroud Rd,,Lakeland,FL,33810,,,Club,7,801,,Not Sent,
Treasure Coast Jeep Club,Bryan Crain,PO Box 2338,,Vero Beach,FL,32961-2338,,,Club,7,804,,Not Sent,
Tampa Bay Jeep Club Inc.,Ashley Reece Register,3044 Conifer Dr,,Largo,FL,33771-3829,,,Club,7,826,,Not Sent,
Louisiana Land Krewesers,,30822 LA-1036,,Holden,LA,70744,LaLandKrewesers1@gmail.com,,Club,7,950,,Not Sent,
Flint Hills Jeep Club,Colleen Strnad,1027 E 1292 Rd,,Lawrence,KS,66047,flinthillsjeepclub@gmail.com,,Club,7,955,,Not Sent,
Lone Star Land Cruisers,"Butch Baker, President",9973 N State Hwy 78,,Ravenna,TX,75476,bakerbutch1955@gmail.com,903-227-6360,Club,7,1101,,Not Sent,
Oklahoma Trailchasers Four Wheel Drive Club Inc.,Elizabeth Wasson,7101 Glenn Cir,,Norman,OK,73026-2985,,,Club,7,1131,,Not Sent,
Fort Worth-Dallas Four Wheel Drive Club,Joseph E. Halcarz,PO Box 92638,,Southlake,TX,76092-0638,,,Club,7,1176,,Not Sent,
Central Texas Off Roaders,,PO Box 302,,Salado,TX,76571,,(254) 217-3178,Club,7,1263,,Not Sent,
Dakota Territory Cruisers,Caleb Rose,PO Box 2238,,Rapid City,SD,57709,dakotacruisers@gmail.com,605-593-2962,Club,7,1372,,Not Sent,
Larimer County Four Wheel Drive Club,,PO Box 1225,,Fort Collins,CO,80522-1225,,,Club,7,1467,,Not Sent,
Colorado Springs Christian 4-Wheelers,"Kirk Bode, Registration",2790 N Academy Blvd,Suite 311,Colorado Springs,CO,80917,,,Club,7,1467,,Not Sent,
Mile-Hi Jeep Club of Colorado,Membership,PO Box 1777,,Wheat Ridge,CO,80034,membership@mhjc.org,,Club,7,1472,,Not Sent,
Rising Sun Four Wheel Drive Club,,PO Box 260175,,Lakewood,CO,80226,commander@risingsun4x4club.org,,Club,7,1472,,Not Sent,
New Mexico 4 Wheelers,,PO Box 90154,,Albuquerque,NM,87199-0154,info@nm4w.org,,Club,7,1626,,Not Sent,
Billings Motorcycle Club,,3630 Old Blue Creek Rd,,Billings,MT,59101,,,Club,7,1641,,Not Sent,
Red Rock 4-Wheelers Inc.,,PO Box 1471,,Moab,UT,84532-1471,,435-259-7625,Club,7,1720,,Not Sent,
Gallatin Valley Dirt Riders,,2500 Bitterroot Rd,,Bozeman,MT,59718,,,Club,7,1763,,Not Sent,
Just a Little Further 4 Wheelers,,730 Oilfield Ave,,Shelby,MT,59474,,,Club,7,1820,,Not Sent,
Seeley-Swan ATV Club Inc.,,PO Box 955,,Seeley Lake,MT,59858,,,Club,7,1886,,Not Sent,
Montanans for Multiple Use,,PO Box 2509,,Kalispell,MT,59903,,,Club,7,1929,,Not Sent,
Magic Valley ATV Riders Inc.,Kent Oliver,PO Box 0767,,Twin Falls,ID,83303-0767,mvatvriders@outlook.com,,Club,7,1938,,Not Sent,
Kootenai Ridge Riders RTV Club,,PO Box 959,,Libby,MT,59923,,,Club,7,1987,,Not Sent,
Camp Dawson Garrison Training Center,Training Operations / Motor Transport,1001 Army Road,,Kingwood,WV,26554,,,Military,7,,,Not Sent,
Berkeley County Emergency Ambulance Authority,Training / Operations,400 West Stephen Street,Suite 207,Martinsburg,WV,25401,,,Emergency Medical Services,7,,,Not Sent,
National Off-Highway Vehicle Conservation Council (NOHVCC),,PO Box 399,,Vaughn,MT,59487,,406-454-9190,Club,8,1799,,Not Sent,
Tread Lightly! Inc.,"James Boyd, Executive Director",801 Robinson Dr.,Suite 400,North Salt Lake,UT,84054-2930,info@treadlightly.org,(801) 627-0077,Club,8,1819,,Not Sent,
BlueRibbon Coalition,,800 W Main St,Suite 1460,Boise,ID,83702,,208-237-1008,Club,8,2019,,Not Sent,
United Four Wheel Drive Associations Inc. (UFWDA),,1701 Westwind Drive,#108,Bakersfield,CA,93301,,800-448-3932,Club,8,2283,,Not Sent,
Pacific Northwest 4 Wheel Drive Association (PNW4WDA),,144 Barba Rd,,Castle Rock,WA,98611,,(360) 771-2606,Club,8,2332,,Not Sent,
California Four Wheel Drive Association (Cal4Wheel),"Steve Chickos, Office Manager",8120 36th Ave.,,Sacramento,CA,95824,office@cal4wheel.com,916-381-8300,Club,8,2349,,Not Sent,
Virginia Four Wheel Drive Association,,PO Box 6612,,Virginia Beach,VA,23456-0612,,(757) 647-3608,Club,8,168,,Not Sent,
New York State Off-Highway Recreational Vehicle Association (NYSORVA),Jeffrey Binga,908 Niagara Falls Blvd,,North Tonawanda,NY,14120-2019,,,Club,8,289,,Not Sent,
Mountain Home ATV Club Inc.,Rusty Faircloth,PO Box 910,,Mountain Home,ID,83647,mhatvclub@gmail.com,,Club,8,1996,,Not Sent,
PLAY (Public Lands Access Year-round),Ken Rea,PO Box 2191,,Orofino,ID,83544,atvaccessland@hotmail.com,,Club,8,2014,,Not Sent,
Boise ATV Trail Riders Inc.,David Claiborne,PO Box 190933,,Boise,ID,83719,,,Club,8,2019,,Not Sent,
Canyon County ATV Club Inc.,Becky Hunt,PO Box 3024,,Nampa,ID,83653,canyoncountyatv@gmail.com,,Club,8,2038,,Not Sent,
Desert Wranglers Jeep Club,,2251 N Rampart Blvd,MS 2512,Las Vegas,NV,89128,info@desertwranglers.club,,Club,8,2058,,Not Sent,
Vegas Valley 4 Wheelers,,840 South Rancho Drive,Suite 4-601,Las Vegas,NV,89106,info@vv4w.org,(702) 582-7374,Club,8,2058,,Not Sent,
Bear Valley 4x4 Club Inc.,"Quinn Thomas, CEO",PO Box 3000,,Big Bear City,CA,92314,,(951) 235-0293,Club,8,2197,,Not Sent,
Eastern Sierra 4WD Club,,PO Box 983,,Bishop,CA,93515,,,Club,8,2211,,Not Sent,
Lost Padres Four Wheel Drive Club,Amber Rose,6633 Blank Lane,,Pacoima,CA,91333-0000,,,Club,8,2277,,Not Sent,
Four Wheel Drive Club of Fresno,,PO Box 8292,,Fresno,CA,93747-8292,,(559) 709-7017,Club,8,2293,,Not Sent,
Toys on the Rocks,Brian Kaiser,PO Box 546,,Placerville,CA,95667,goat1988@sbcglobal.net,(530) 306-2993,Club,8,2311,,Not Sent,
Four Wheel Drive Cliff Hangers,,106 Broadmoor Ct,,Vacaville,CA,95687-5902,,,Club,8,2378,,Not Sent,
Esprit de Four Wheel Drive Club,Ellen Layendecker,1943 Mount Vernon Ct,Apt 206,Mountain View,CA,94040-2086,,,Club,8,2401,,Not Sent,
Fort Belvoir Logistics Readiness Center,Transportation Motor Pool,9925 Tracy Loop,Bldg. 767,Fort Belvoir,VA,22060,,,Military,8,,,Not Sent,
Marine Corps Base Quantico,G-4 Transportation Branch / Motor Transport,2013 Barnett Avenue,,Quantico,VA,22134,,,Military,8,,,Not Sent,
MCB Quantico Security Battalion,S-4 Logistics / Motor Transportation,2043 Barnett Avenue,,Quantico,VA,22134,,,Military,8,,,Not Sent,
Maryland Natural Resources Police,"Training, Recruitment & Outreach",6852 Fourth Street,,Sykesville,MD,21784,,,Natural Resources Police,8,,,Not Sent,
Fort Meade Logistics Readiness Center,Transportation Division / TMP,4550 Parade Field Lane,Room 132A,Fort Meade,MD,20755,,,Military,8,,,Not Sent,
Harpers Ferry National Historical Park,Law Enforcement / Field Operations,P.O. Box 65,,Harpers Ferry,WV,25425,,,National Park,8,,,Not Sent,
George Washington NF — Lee Ranger District,District Ranger / Field Operations,95 Railroad Avenue,,Edinburg,VA,22824,,,National Forest,8,,,Not Sent,
Catoctin Mountain Park,Law Enforcement / Field Operations,6602 Foxville Road,,Thurmont,MD,21788,,,National Park,8,,,Not Sent,
Maryland DNR — Indian Springs WMA,Wildlife / Field Operations,14038 Blairs Valley Road,,Clear Spring,MD,21722,,,Wildlife Management,8,,,Not Sent,
Michaux State Forest,District Ranger / Field Operations,10099 Lincoln Way East,,Fayetteville,PA,17222,,,State Forest,8,,,Not Sent,
Buchanan State Forest,District Ranger / Field Operations,25185 Great Cove Road,,McConnellsburg,PA,17233,,,State Forest,8,,,Not Sent,
George Washington NF — North River Ranger District,District Ranger / Field Operations,401 Oakwood Drive,,Harrisonburg,VA,22801,,,National Forest,8,,,Not Sent,
Virginia DWR — Region 4,Conservation Police / Field Operations,517 Lee Highway,,Verona,VA,24482,,,Conservation Police,8,,,Not Sent,
West Virginia DNR — District 2,Law Enforcement / Conservation Officers,1 Depot Street,,Romney,WV,26757,,,Conservation Police,8,,,Not Sent,
Maryland Natural Resources Police — Western Area,Area Commander / Field Operations,11701 Mountain Road NE,,Flintstone,MD,21530,,,Natural Resources Police,8,,,Not Sent,
West Virginia DNR — District 1,Law Enforcement / Conservation Officers,1110 Railroad Street,,Farmington,WV,26571,,,Conservation Police,8,,,Not Sent,
West Virginia DNR — Elkins Operations Center,Law Enforcement / Field Operations,738 Ward Road,P.O. Box 67,Elkins,WV,26241,,,Conservation Police,8,,,Not Sent,
West Virginia DNR — District 3,Law Enforcement / Conservation Officers,163 Wildlife Road,,French Creek,WV,26218,,,Conservation Police,8,,,Not Sent,
Northeast Association of 4WD Clubs (NEA4WDC),"Mark St Germain, President",PO Box 4297,,Manchester,NH,03108-4297,info@nea4wd.org,,Club,9,415,,Not Sent,
Great Lakes Four Wheel Drive Association (GLFWDA),Membership Secretary,6221 Surrey Ln,,Burton,MI,48519,membershipsecretary@glfwda.org,,Club,9,425,,Not Sent,
Midwest 4 Wheel Drive Association Inc.,Randy Hays,2707 5th Ave SW,,Austin,MN,55912-1250,,,Club,9,867,,Not Sent,
Colorado 4x4 Association (CO4WDA),,PO Box 16995,,Colorado Springs,CO,80935,CO4WDA@gmail.com,,Club,9,1467,,Not Sent,
Maryland DNR Wildlife & Heritage — Western Region,Field Operations,12512 Pleasant Valley Road,,Flintstone,MD,21530,,,Wildlife Management,9,,,Not Sent,
Maryland DNR — Mt. Nebo WMA,Wildlife / Field Operations,1728 Kings Run Road,,Oakland,MD,21550,,,Wildlife Management,9,,,Not Sent,
Monongahela National Forest,Forest Supervisor / Field Operations,200 Sycamore Street,,Elkins,WV,26241,,,National Forest,9,,,Not Sent,
GW&J NF — Glenwood-Pedlar Ranger District,District Ranger / Field Operations,27 Ranger Lane,,Natural Bridge Station,VA,24579,,,National Forest,9,,,Not Sent,
GW&J NF — Warm Springs Ranger District,District Ranger / Field Operations,422 Forestry Road,,Hot Springs,VA,24445,,,National Forest,9,,,Not Sent,
Tuscarora State Forest,District Ranger / Field Operations,4455 Big Spring Road,,Blain,PA,17006,,,State Forest,9,,,Not Sent,
Rothrock State Forest,District Ranger / Field Operations,181 Rothrock Lane,,Huntingdon,PA,16652,,,State Forest,9,,,Not Sent,
Pennsylvania Game Commission — Southcentral Region,Game Warden / Field Operations,8627 William Penn Highway,,Huntingdon,PA,16652,,,Game Commission,9,,,Not Sent,
Loudoun County Sheriff's Office,Training Division / Emergency Operations,P.O. Box 7200,,Leesburg,VA,20177-7200,,,Sheriff,9,,,Not Sent,
Fairfax County Sheriff's Office,Training Division,4110 Chain Bridge Road,,Fairfax,VA,22030,,,Sheriff,9,,,Not Sent,
"U.S. Park Police — District 2, GWMP",District Commander / Training,700 George Washington Memorial Parkway,,McLean,VA,22101,,,Park Police,9,,,Not Sent,
Arlington County Sheriff's Office,Training Unit,1425 N. Courthouse Road,#9100,Arlington,VA,22201,,,Sheriff,9,,,Not Sent,
Alexandria Sheriff's Office,Training Unit,2003 Mill Road,,Alexandria,VA,22314,,,Sheriff,9,,,Not Sent,
Prince William County Sheriff's Office,Training Division,9311 Lee Avenue,,Manassas,VA,20110,,,Sheriff,9,,,Not Sent,
Fauquier County Sheriff's Office,Training / Patrol Operations,78 W. Lee Street,Suite 200,Warrenton,VA,20186,,,Sheriff,9,,,Not Sent,
U.S. Park Police — District 4,District Commander / Training,6501 Greenbelt Road,,Greenbelt,MD,20770,,,Park Police,9,,,Not Sent,
Clarke County Sheriff's Office,Patrol Training / SAR,100 N. Church Street,,Berryville,VA,22611,,,Sheriff,9,,,Not Sent,
Frederick County VA Sheriff's Office,Training / Patrol Operations,1080 Coverstone Drive,,Winchester,VA,22602,,,Sheriff,9,,,Not Sent,
Winchester Sheriff's Office,Training,5 N. Kent Street,,Winchester,VA,22601,,,Sheriff,9,,,Not Sent,
Warren County Sheriff's Office,Training / Search & Rescue,200 Skyline Vista Drive,,Front Royal,VA,22630,,,Sheriff,9,,,Not Sent,
Shenandoah County Sheriff's Office,Patrol / Training / SAR,810 N. Main Street,Suite 1,Woodstock,VA,22664,,,Sheriff,9,,,Not Sent,
Page County Sheriff's Office,Patrol / Search & Rescue,108 S. Court Street,,Luray,VA,22835,,,Sheriff,9,,,Not Sent,
Shenandoah National Park,Law Enforcement Division,3655 U.S. Highway 211 East,,Luray,VA,22835,,,National Park,9,,,Not Sent,
Culpeper County Sheriff's Office,Patrol / Training,14023 Public Safety Court,,Culpeper,VA,22701,,,Sheriff,9,,,Not Sent,
Rappahannock County Sheriff's Office,Patrol / SAR,P.O. Box 487,,Washington,VA,22747,,,Sheriff,9,,,Not Sent,
Stafford County Sheriff's Office,Training / Emergency Operations,P.O. Box 189,,Stafford,VA,22555,,,Sheriff,9,,,Not Sent,
Spotsylvania County Sheriff's Office,Training / Emergency Operations,P.O. Box 124,,Spotsylvania,VA,22553,,,Sheriff,9,,,Not Sent,
Frederick County MD Sheriff's Office,Training / Patrol,110 Airport Drive East,,Frederick,MD,21701,,,Sheriff,9,,,Not Sent,
Washington County MD Sheriff's Office,Patrol / Training,500 Western Maryland Parkway,,Hagerstown,MD,21740,,,Sheriff,9,,,Not Sent,
Carroll County MD Sheriff's Office,Training / Patrol,100 N. Court Street,,Westminster,MD,21157,,,Sheriff,9,,,Not Sent,
Rockingham County Sheriff's Office,Patrol / SAR / Training,25 S. Liberty Street,,Harrisonburg,VA,22801,,,Sheriff,9,,,Not Sent,
Augusta County Sheriff's Office,Patrol / Search & Rescue,P.O. Box 860,,Verona,VA,24482,,,Sheriff,9,,,Not Sent,
Greene County Sheriff's Office,Patrol / SAR,10005 Spotswood Trail,,Stanardsville,VA,22973,,,Sheriff,9,,,Not Sent,
Madison County Sheriff's Office,Patrol / SAR,P.O. Box 322,,Madison,VA,22727,,,Sheriff,9,,,Not Sent,
Albemarle County Sheriff's Office,Training / Field Operations,411 E. High Street,Bldg. B,Charlottesville,VA,22902,,,Sheriff,9,,,Not Sent,
Texas Motorized Trails Coalition (TMTC),,PO Box 1191,,Odessa,TX,79760,contact@texasmotorizedtrails.com,(432) 332-1571,Club,10,1483,,Not Sent,
New Mexico Off Highway Vehicle Alliance (NMOHVA),"Roger Pattison, President",PO Box 23341,,Santa Fe,NM,87502-3341,,,Club,10,1578,,Not Sent,
Treasure State ATV Association / Rimrock Trail Riders,,PO Box 32055,,Billings,MT,59107,,,Club,10,1641,,Not Sent,
Arizona State Association of Four Wheel Drive Clubs,,PO Box 1492,,Cortaro,AZ,85652-1492,,,Club,10,1932,,Not Sent,
Nelson County Sheriff's Office,Patrol / SAR,P.O. Box 36,,Lovingston,VA,22949,,,Sheriff,10,,,Not Sent,
Highland County Sheriff's Office,Patrol / SAR,P.O. Box 485,,Monterey,VA,24465,,,Sheriff,10,,,Not Sent,
Allegany County MD Sheriff's Office,Patrol / Training / SAR,695 Kelly Road,,Cumberland,MD,21502,,,Sheriff,10,,,Not Sent,
Garrett County Sheriff's Office,Patrol / SAR / Training,311 East Alder Street,,Oakland,MD,21550,,,Sheriff,10,,,Not Sent,
Virginia State Police — Area 10,Area Commander / Training,41904 Loudoun Center Place,,Leesburg,VA,20175,,,State Police,10,,,Not Sent,
Virginia State Police — Division 7 HQ,Field Operations / Training,4977 Alliance Drive,,Fairfax,VA,22030,,,State Police,10,,,Not Sent,
Virginia State Police — Area 9,Area Commander / Training,9801 Braddock Road,,Fairfax,VA,22032,,,State Police,10,,,Not Sent,
Virginia State Police — Area 45,Area Commander / Training,1426 Columbia Pike,,Arlington,VA,22204,,,State Police,10,,,Not Sent,
Virginia State Police — Area 11,Area Commander / Training,14420 Independent Hill Drive,,Manassas,VA,20112,,,State Police,10,,,Not Sent,
Virginia State Police — Area 12,Area Commander / Training,8440 Bingham Road,,Warrenton,VA,20187,,,State Police,10,,,Not Sent,
Maryland State Police — Rockville Barrack N,Barrack Commander / Training,7915 Montrose Road,,Rockville,MD,20854,,,State Police,10,,,Not Sent,
Virginia State Police — Area 13,Area Commander / Training,3680 Valley Pike,,Winchester,VA,22602,,,State Police,10,,,Not Sent,
West Virginia State Police — Troop 2 HQ,Field Operations / Training,409 Industrial Boulevard,,Kearneysville,WV,25430-2779,,,State Police,10,,,Not Sent,
West Virginia State Police — Martinsburg,Detachment Commander / Training,14 Trooper Drive,,Martinsburg,WV,25404-3798,,,State Police,10,,,Not Sent,
West Virginia State Police — Berkeley Springs,Detachment Commander / Training,1750 Valley Road,,Berkeley Springs,WV,25411-4804,,,State Police,10,,,Not Sent,
Virginia State Police — Area 14,Area Commander / Training,18627 Old Valley Pike,,Edinburg,VA,22824,,,State Police,10,,,Not Sent,
Virginia State Police — Division 2 HQ,Field Operations / Training,15148 State Police Road,,Culpeper,VA,22701,,,State Police,10,,,Not Sent,
Virginia State Police — Area 15,Area Commander / Training,15139 State Police Road,,Culpeper,VA,22701,,,State Police,10,,,Not Sent,
Virginia State Police — Area 5,Area Commander / Training,3804 Loren Drive,,Fredericksburg,VA,22408,,,State Police,10,,,Not Sent,
Maryland State Police — Frederick Barrack B,Barrack Commander / Training,110 Airport Drive East,,Frederick,MD,21701,,,State Police,10,,,Not Sent,
Maryland State Police — Hagerstown Barrack O,Barrack Commander / Training,18345 Col. Henry K. Douglas Drive,,Hagerstown,MD,21740,,,State Police,10,,,Not Sent,
Maryland State Police — Westminster Barrack G,Barrack Commander / Training,1100 Baltimore Boulevard,,Westminster,MD,21157,,,State Police,10,,,Not Sent,
Virginia State Police — Area 16,Area Commander / Training,801 Acorn Drive,,Harrisonburg,VA,22802,,,State Police,10,,,Not Sent,
Virginia State Police — Area 17,Area Commander / Training,243 Woodrow Wilson Avenue,,Fishersville,VA,22939,,,State Police,10,,,Not Sent,
Virginia State Police — Area 18,Area Commander / Training,900 Natural Resources Drive,Suite 200,Charlottesville,VA,22903-0758,,,State Police,10,,,Not Sent,
West Virginia State Police — Romney,Detachment Commander,525 Depot Street,,Romney,WV,26757-1300,,,State Police,10,,,Not Sent,
West Virginia State Police — Moorefield,Detachment Commander,5153 US 220 South,,Moorefield,WV,26836,,,State Police,10,,,Not Sent,
West Virginia State Police — Franklin,Detachment Commander,3825 Blue Gray Trail,,Franklin,WV,26807-0278,,,State Police,10,,,Not Sent,
Maryland State Police — Cumberland Barrack C,Barrack Commander / Training,1125 National Highway,,Cumberland,MD,21502-3401,,,State Police,10,,,Not Sent,
Maryland State Police — McHenry Barrack W,Barrack Commander / Training,67 Friendsville Road,,McHenry,MD,21541,,,State Police,10,,,Not Sent,
West Virginia State Police — Keyser,Detachment Commander,7300 Fort Ashby Road,,Keyser,WV,26726-9123,,,State Police,10,,,Not Sent,
West Virginia State Police — Troop 3 HQ,Field Operations / Training,5190 Beverly Pike,,Beverly,WV,26253,,,State Police,10,,,Not Sent,
West Virginia State Police — Parsons,Detachment Commander,9105 Seneca Trail,,Hambleton,WV,26269,,,State Police,10,,,Not Sent,
West Virginia State Police — Buckhannon,Detachment Commander,20 B-U Drive,,Buckhannon,WV,26201,,,State Police,10,,,Not Sent,
Virginia State Police — Area 39,Area Commander / Training,3861 S. Lee Highway,,Natural Bridge,VA,24578,,,State Police,10,,,Not Sent,